{
  "project_info": {
    "project_number": "207591756720",
    "firebase_url": "https://petapp-7a2c9.firebaseio.com",
    "project_id": "petapp-7a2c9",
    "storage_bucket": "petapp-7a2c9.appspot.com"
  },
  "client": [
    {
      "client_info": {
        "mobilesdk_app_id": "1:207591756720:android:dba33466a9bc52fd",
        "android_client_info": {
          "package_name": "com.yellow.group.petapp"
        }
      },
      "oauth_client": [
        {
          "client_id": "207591756720-gl5qeihrv7vmfkiuv6e2gatdb76abejn.apps.googleusercontent.com",
          "client_type": 1,
          "android_info": {
            "package_name": "com.yellow.group.petapp",
            "certificate_hash": "42c4f0845996a48bced973c5a76e5a5ebb2fa823"
          }
        },
        {
          "client_id": "207591756720-d9hm3kejrrf8e61vr852tqv69m3kae6j.apps.googleusercontent.com",
          "client_type": 3
        }
      ],
      "api_key": [
        {
          "current_key": "AIzaSyDVLHLft_MRmdBmqtIRDmlGhSN9L7viLjA"
        }
      ],
      "services": {
        "analytics_service": {
          "status": 1
        },
        "appinvite_service": {
          "status": 2,
          "other_platform_oauth_client": [
            {
              "client_id": "207591756720-d9hm3kejrrf8e61vr852tqv69m3kae6j.apps.googleusercontent.com",
              "client_type": 3
            }
          ]
        },
        "ads_service": {
          "status": 2
        }
      }
    }
  ],
  "configuration_version": "1"
}